﻿<?xml version="1.0" encoding="utf-8" ?>
<manifest 
identifier="MANIFEST_ID" 
version="1.1">
xmlns="http://www.improject.org/xsd/imscp_rootv1p1p2"
xmlns:adlcp="http://www.adlnet.org/xsd/adlcp_rootv1p2"
xmlns:xsi="http://www.w3.org/2001/XMLSchema-instance">
xsi:schemaLocation="http://www.imsproject.org/xsd/imscp_rootv1p1p2 imscp_rootv1p1p2.xsd
  http://www.imsglobal.org/xsd/imsmd_rootv1p2p1 imsmd_rootv1p2p1.xsd
  http://www.adlnet.org/xsd/adlcp_rootv1p2 adlcp_rootv1p2.xsd">
	<metadata>
		<schema>ADL SCORM</schema>
		<schemaversion>2004 4th Edition</schemaversion>
	</metadata>
	<organizations default="Chek">
		<organization identifier="Chek">
		<title>Чекинатор</title>
		<item identifier="*"
		identifierref="Chek">
		</item>
		</organization>
	</organizations>
	<resources>
		<resource identifier="Chek" type="webcontent" adlcp:scormtype="sco"
		href="Chek.html">
		</resource>
	</resources>
</manifest>